{
  "results": [
    {
      "command": "/home/ulli/daphne//bin/daphne --mlir-codegen ./scripts/matmul/matmul2048.daph",
      "mean": 131.26405771648,
      "stddev": 14.745967110915668,
      "median": 125.74977382058,
      "user": 131.46558378,
      "system": 0.72432902,
      "min": 116.80162723458,
      "max": 164.15560437658,
      "times": [
        127.56923848758,
        145.81062792558,
        164.15560437658,
        141.13022075158,
        128.42278857558,
        116.80162723458,
        120.89984077558,
        121.25947760858,
        123.93030915358,
        122.66084227558
      ],
      "exit_codes": [
        0,
        0,
        0,
        0,
        0,
        0,
        0,
        0,
        0,
        0
      ]
    }
  ]
}
