{
  "results": [
    {
      "command": "/home/ulli/daphne/bin/daphne --mlir-codegen  ./scripts/matmul/matmul2048.daph >> ./scripts/outputs_machine/accumulator.out",
      "mean": 66.89782947542,
      "stddev": 0.5927980804498238,
      "median": 66.85298442732,
      "user": 66.81167062,
      "system": 0.0708461,
      "min": 65.91541984482,
      "max": 67.79219229882,
      "times": [
        67.79219229882,
        65.91541984482,
        66.67497970682,
        66.23216863782,
        67.07053886682,
        66.69378500482,
        66.83559241282,
        67.11011475581999,
        66.87037644182,
        67.78312678382
      ],
      "exit_codes": [
        0,
        0,
        0,
        0,
        0,
        0,
        0,
        0,
        0,
        0
      ]
    }
  ]
}
