{
  "results": [
    {
      "command": "./bin/daphne --mlir-codegen ./scripts/matmul/matmul2048.daph",
      "mean": 10.66987546716,
      "stddev": 0.05478624428470386,
      "median": 10.65041943736,
      "user": 11.044898739999997,
      "system": 0.66072392,
      "min": 10.61249881586,
      "max": 10.779628324859999,
      "times": [
        10.61249881586,
        10.62728040386,
        10.724115103859999,
        10.72280598186,
        10.67014112386,
        10.61981723886,
        10.779628324859999,
        10.64162880386,
        10.64506867986,
        10.65577019486
      ],
      "exit_codes": [
        0,
        0,
        0,
        0,
        0,
        0,
        0,
        0,
        0,
        0
      ]
    }
  ]
}
