{
  "results": [
    {
      "command": "/home/ulli/daphne/bin/daphne --mlir-codegen --matmul-tile ./scripts/matmul/matmul2048.daph >> ./scripts/outputs_machine/auto_tile.out",
      "mean": 29.59278386538,
      "stddev": 0.22195909905546285,
      "median": 29.61163826288,
      "user": 29.929054759999996,
      "system": 0.7018202199999999,
      "min": 29.23202051238,
      "max": 29.90768877138,
      "times": [
        29.76594087938,
        29.855356636379998,
        29.51469706638,
        29.90768877138,
        29.23202051238,
        29.618779471379998,
        29.49214750238,
        29.285125504379998,
        29.60449705438,
        29.65158525538
      ],
      "exit_codes": [
        0,
        0,
        0,
        0,
        0,
        0,
        0,
        0,
        0,
        0
      ]
    }
  ]
}
