{
  "results": [
    {
      "command": "/home/ulli/daphne/bin/daphne --mlir-codegen --matmul-tile ./scripts/matmul/matmul2048.daph >> ./scripts/outputs_machine/auto_tile.out",
      "mean": 10.07125381006,
      "stddev": 0.08129945075633782,
      "median": 10.05751374696,
      "user": 10.43839432,
      "system": 0.6597584399999998,
      "min": 9.94312667446,
      "max": 10.21008569546,
      "times": [
        10.15540251046,
        10.03348896846,
        10.14440189146,
        10.03223973746,
        10.09152205246,
        10.07438740346,
        10.21008569546,
        10.04064009046,
        9.94312667446,
        9.98724307646
      ],
      "exit_codes": [
        0,
        0,
        0,
        0,
        0,
        0,
        0,
        0,
        0,
        0
      ]
    }
  ]
}
