{
  "results": [
    {
      "command": "/home/ulli/daphne/bin/daphne --mlir-codegen  --matmul-fixed-tile-sizes=4,8,256,64 ./scripts/matmul/matmul2048.daph >> ./scripts/outputs_machine/bond_first.out",
      "mean": 8.707807823200001,
      "stddev": 0.03154271691166649,
      "median": 8.7178882852,
      "user": 9.08390116,
      "system": 0.6663988599999999,
      "min": 8.6401295887,
      "max": 8.7373975167,
      "times": [
        8.7373975167,
        8.7242831737,
        8.7289610807,
        8.7044892047,
        8.6401295887,
        8.7098000497,
        8.6640756237,
        8.7161606787,
        8.7196158917,
        8.733165423700001
      ],
      "exit_codes": [
        0,
        0,
        0,
        0,
        0,
        0,
        0,
        0,
        0,
        0
      ]
    }
  ]
}
