{
  "results": [
    {
      "command": "/home/ulli/daphne/bin/daphne --mlir-codegen  --matmul-fixed-tile-sizes=3,16,480,180 ./scripts/matmul/matmul2048.daph >> ./scripts/outputs_machine/bond_tile.out",
      "mean": 8.9358936379,
      "stddev": 0.17253585296369664,
      "median": 8.951426422,
      "user": 9.30085382,
      "system": 0.67782096,
      "min": 8.665971690500001,
      "max": 9.2079510525,
      "times": [
        8.736260579500001,
        8.7984925015,
        8.988780422500001,
        8.8686193185,
        9.2079510525,
        9.1381804925,
        8.9428808765,
        9.051827477500002,
        8.959971967500001,
        8.665971690500001
      ],
      "exit_codes": [
        0,
        0,
        0,
        0,
        0,
        0,
        0,
        0,
        0,
        0
      ]
    }
  ]
}
