{
  "results": [
    {
      "command": "/home/ulli/daphne/bin/daphne --mlir-codegen  --matmul-fixed-tile-sizes=3,16,480,180 ./scripts/matmul/matmul2048.daph >> ./scripts/outputs_machine/bond_tile.out",
      "mean": 8.736282175,
      "stddev": 0.12075594516451404,
      "median": 8.750883440099999,
      "user": 9.07944678,
      "system": 0.6961727,
      "min": 8.5696467736,
      "max": 8.9479246906,
      "times": [
        8.5696467736,
        8.742314585599999,
        8.6483978446,
        8.6364045716,
        8.7721248416,
        8.6230385996,
        8.7682557366,
        8.759452294599999,
        8.9479246906,
        8.8952618116
      ],
      "exit_codes": [
        0,
        0,
        0,
        0,
        0,
        0,
        0,
        0,
        0,
        0
      ]
    }
  ]
}
