{
  "results": [
    {
      "command": "/home/ulli/daphne/bin/daphne --mlir-codegen  --matmul-fixed-tile-sizes=3,32,512,348 ./scripts/matmul/matmul2048.daph >> ./scripts/outputs_machine/bond_sgemm.out",
      "mean": 8.191498386460001,
      "stddev": 0.019219647565341523,
      "median": 8.183476992460001,
      "user": 8.52680018,
      "system": 0.6868535999999998,
      "min": 8.17333868396,
      "max": 8.22899189296,
      "times": [
        8.22899189296,
        8.19917566396,
        8.197926174960001,
        8.18293110796,
        8.17505250596,
        8.21803611396,
        8.17333868396,
        8.17962072896,
        8.175888114960001,
        8.18402287696
      ],
      "exit_codes": [
        0,
        0,
        0,
        0,
        0,
        0,
        0,
        0,
        0,
        0
      ]
    }
  ]
}
