{
  "results": [
    {
      "command": "/home/ulli/daphne/bin/daphne --mlir-codegen  --matmul-fixed-tile-sizes=2,12,480,180 --matmul-vec-size-bits=256 --no-obj-ref-mgnt ./scripts/matmul/matmul2048.daph >> ./scripts/outputs_machine/bond_half_vec256.out",
      "mean": 6.786705420280001,
      "stddev": 0.08148074940132496,
      "median": 6.80347615058,
      "user": 7.15342794,
      "system": 0.6521733399999998,
      "min": 6.60786279808,
      "max": 6.8698382790800006,
      "times": [
        6.7944138160800005,
        6.83529923908,
        6.8389066220800006,
        6.8698382790800006,
        6.68691305208,
        6.85617274408,
        6.79614641708,
        6.8108058840800005,
        6.7706953510800005,
        6.60786279808
      ],
      "exit_codes": [
        0,
        0,
        0,
        0,
        0,
        0,
        0,
        0,
        0,
        0
      ]
    }
  ]
}
