{
  "results": [
    {
      "command": "/home/ulli/daphne/bin/daphne --mlir-codegen  --matmul-fixed-tile-sizes=2,12,480,180 ./scripts/matmul/matmul2048.daph >> ./scripts/outputs_machine/bond_half.out",
      "mean": 9.972314918699999,
      "stddev": 0.20000668076013906,
      "median": 9.9542839643,
      "user": 10.32834522,
      "system": 0.68280902,
      "min": 9.7655418453,
      "max": 10.3656580713,
      "times": [
        9.7737985663,
        10.2085897923,
        10.3656580713,
        9.9735989883,
        9.7950080123,
        9.8172064293,
        9.9349689403,
        9.7655418453,
        10.0484743383,
        10.0403042033
      ],
      "exit_codes": [
        0,
        0,
        0,
        0,
        0,
        0,
        0,
        0,
        0,
        0
      ]
    }
  ]
}
