{
  "results": [
    {
      "command": "/home/ulli/daphne/bin/daphne --mlir-codegen  --matmul-fixed-tile-sizes=2,12,480,180 ./scripts/matmul/matmul2048.daph >> ./scripts/outputs_machine/bond_half.out",
      "mean": 9.93243024236,
      "stddev": 0.11886964818046984,
      "median": 9.89620092906,
      "user": 10.26536498,
      "system": 0.7044073399999999,
      "min": 9.76258122056,
      "max": 10.185882644560001,
      "times": [
        9.92774895656,
        9.86954958956,
        9.86480105356,
        9.89676528656,
        9.870081541560001,
        9.89563657156,
        9.996915019560001,
        10.185882644560001,
        10.05434053956,
        9.76258122056
      ],
      "exit_codes": [
        0,
        0,
        0,
        0,
        0,
        0,
        0,
        0,
        0,
        0
      ]
    }
  ]
}
