{
  "results": [
    {
      "command": "/home/ulli/daphne/bin/daphne --mlir-codegen  --matmul-fixed-tile-sizes=2,12,480,180 --matmul-vec-size-bits=256 --no-obj-ref-mgnt ./scripts/matmul/matmul2048.daph >> ./scripts/outputs_machine/bond_half_vec256.out",
      "mean": 3.33830076282,
      "stddev": 0.02102294922613865,
      "median": 3.33546205612,
      "user": 3.66500964,
      "system": 0.6980796600000001,
      "min": 3.30893205412,
      "max": 3.37763011112,
      "times": [
        3.34679311212,
        3.3346791631199997,
        3.37763011112,
        3.31086711212,
        3.3252075351199997,
        3.30893205412,
        3.3590280081199997,
        3.34894642012,
        3.33556657212,
        3.33535754012
      ],
      "exit_codes": [
        0,
        0,
        0,
        0,
        0,
        0,
        0,
        0,
        0,
        0
      ]
    }
  ]
}
