{
  "results": [
    {
      "command": "/home/ulli/daphne/bin/daphne --mlir-codegen  --matmul-fixed-tile-sizes=3,32,512,348 --matmul-vec-size-bits=256 --no-obj-ref-mgnt ./scripts/matmul/matmul2048.daph >> ./scripts/outputs_machine/bond_sgemm_vec256.out",
      "mean": 3.1613127677,
      "stddev": 0.023538110100454705,
      "median": 3.1505263994000003,
      "user": 3.4958254999999996,
      "system": 0.69386768,
      "min": 3.1379947504,
      "max": 3.2022940314,
      "times": [
        3.1514328414,
        3.1496199574,
        3.1841950914,
        3.1399762994000002,
        3.1662625804,
        3.1448264344,
        3.1923159364,
        3.1442097544,
        3.2022940314,
        3.1379947504
      ],
      "exit_codes": [
        0,
        0,
        0,
        0,
        0,
        0,
        0,
        0,
        0,
        0
      ]
    }
  ]
}
