{
  "results": [
    {
      "command": "/home/ulli/daphne/bin/daphne --mlir-codegen  --matmul-fixed-tile-sizes=3,32,512,348 ./scripts/matmul/matmul2048.daph >> ./scripts/outputs_machine/bond_sgemm.out",
      "mean": 7.124212601400001,
      "stddev": 0.01560717453714592,
      "median": 7.127552504899999,
      "user": 7.48522746,
      "system": 0.66099198,
      "min": 7.103149151399999,
      "max": 7.153330276399999,
      "times": [
        7.1358261253999995,
        7.132122433399999,
        7.1322995484,
        7.153330276399999,
        7.1118033164,
        7.1118139544,
        7.1066761984,
        7.127130063399999,
        7.103149151399999,
        7.127974946399999
      ],
      "exit_codes": [
        0,
        0,
        0,
        0,
        0,
        0,
        0,
        0,
        0,
        0
      ]
    }
  ]
}
