{
  "results": [
    {
      "command": "/home/ulli/daphne/bin/daphne --mlir-codegen  --matmul-fixed-tile-sizes=4,8,256,64 ./scripts/matmul/matmul2048.daph >> ./scripts/outputs_machine/bond_first.out",
      "mean": 8.66866178706,
      "stddev": 0.024787744521974686,
      "median": 8.68259877316,
      "user": 9.01856042,
      "system": 0.6895892799999999,
      "min": 8.62473310166,
      "max": 8.69478704366,
      "times": [
        8.684266258660001,
        8.64232954366,
        8.68365565566,
        8.68773339966,
        8.68154189066,
        8.64024100766,
        8.68723887966,
        8.69478704366,
        8.66009108966,
        8.62473310166
      ],
      "exit_codes": [
        0,
        0,
        0,
        0,
        0,
        0,
        0,
        0,
        0,
        0
      ]
    }
  ]
}
