{
  "results": [
    {
      "command": "/home/ulli/daphne/bin/daphne --mlir-codegen --matmul-invert-loops ./scripts/matmul/matmul2048.daph >> ./scripts/outputs_machine/invert.out",
      "mean": 9.254499718119998,
      "stddev": 0.0573762660365346,
      "median": 9.237539450019998,
      "user": 9.20017752,
      "system": 0.054068740000000004,
      "min": 9.21518530402,
      "max": 9.39411676502,
      "times": [
        9.21518530402,
        9.21551838602,
        9.237261802019999,
        9.23916501302,
        9.39411676502,
        9.22078895002,
        9.31812687702,
        9.24334548702,
        9.237817098019999,
        9.22367149902
      ],
      "exit_codes": [
        0,
        0,
        0,
        0,
        0,
        0,
        0,
        0,
        0,
        0
      ]
    }
  ]
}
