{
  "results": [
    {
      "command": "/home/ulli/daphne/bin/daphne ./scripts/matmul/matmul2048.daph >> ./scripts/outputs_machine/kernel.out",
      "mean": 0.5659221352999999,
      "stddev": 0.014584277494405547,
      "median": 0.5625300868,
      "user": 2.24807134,
      "system": 1.0658837,
      "min": 0.5519326368,
      "max": 0.6023243878,
      "times": [
        0.5519326368,
        0.5575879318,
        0.6023243878,
        0.5687047498,
        0.5550245208,
        0.5564979478000001,
        0.5602279198,
        0.5744072298,
        0.5648322538,
        0.5676817748
      ],
      "exit_codes": [
        0,
        0,
        0,
        0,
        0,
        0,
        0,
        0,
        0,
        0
      ]
    }
  ]
}
