{
  "results": [
    {
      "command": "/home/ulli/daphne/bin/daphne ./scripts/matmul/matmul2048.daph >> ./scripts/outputs_machine/kernel.out",
      "mean": 0.6465680876200001,
      "stddev": 0.011860039506931761,
      "median": 0.64083434072,
      "user": 0.59002416,
      "system": 0.053719819999999995,
      "min": 0.6387396322200001,
      "max": 0.67610016322,
      "times": [
        0.64085855122,
        0.65705219022,
        0.67610016322,
        0.64081013022,
        0.64878521822,
        0.64465849222,
        0.64012492922,
        0.6387396322200001,
        0.63882000622,
        0.63973156322
      ],
      "exit_codes": [
        0,
        0,
        0,
        0,
        0,
        0,
        0,
        0,
        0,
        0
      ]
    }
  ]
}
