{
  "results": [
    {
      "command": "/home/ulli/daphne//bin/daphne --mlir-codegen ./scripts/matmul/matmul2048.daph",
      "mean": 9.56538926764,
      "stddev": 0.060198101537839464,
      "median": 9.566567906340001,
      "user": 9.92471516,
      "system": 0.6722916599999998,
      "min": 9.47817785134,
      "max": 9.64617940034,
      "times": [
        9.54496707434,
        9.62862724834,
        9.63480156134,
        9.47817785134,
        9.58816873834,
        9.51009991134,
        9.588954772340001,
        9.50238175334,
        9.53153436534,
        9.64617940034
      ],
      "exit_codes": [
        0,
        0,
        0,
        0,
        0,
        0,
        0,
        0,
        0,
        0
      ]
    }
  ]
}
