{
  "results": [
    {
      "command": "/home/ulli/daphne/bin/daphne --mlir-codegen  ./scripts/matmul/matmul2048.daph >> ./scripts/outputs_machine/naive.out",
      "mean": 64.56687838562,
      "stddev": 0.9310830554804722,
      "median": 64.41993690712,
      "user": 64.8864505,
      "system": 0.7102404,
      "min": 63.581116253619996,
      "max": 66.18995454962,
      "times": [
        63.693366995619996,
        63.76504458862,
        63.96705384662,
        63.74359281762,
        63.581116253619996,
        64.87281996762,
        66.18995454962,
        65.02461461662,
        65.48185100062,
        65.34936921962
      ],
      "exit_codes": [
        0,
        0,
        0,
        0,
        0,
        0,
        0,
        0,
        0,
        0
      ]
    }
  ]
}
