{
  "results": [
    {
      "command": "/home/ulli/daphne/bin/daphne --mlir-codegen  ./scripts/matmul/matmul2048.daph >> ./scripts/outputs_machine/naive.out",
      "mean": 66.20453976754001,
      "stddev": 2.426721856844587,
      "median": 65.50180753184,
      "user": 66.56117204,
      "system": 0.67200728,
      "min": 62.806011917839996,
      "max": 69.80586097184,
      "times": [
        69.80586097184,
        69.74733633684001,
        68.66946327184,
        62.806011917839996,
        66.01724262384,
        65.60086158684001,
        65.40275347684,
        65.04049411684001,
        65.34158341984,
        63.613789952839994
      ],
      "exit_codes": [
        0,
        0,
        0,
        0,
        0,
        0,
        0,
        0,
        0,
        0
      ]
    }
  ]
}
