{
  "results": [
    {
      "command": "/home/ulli/daphne//bin/daphne --mlir-codegen ./scripts/matmul/matmul2048.daph",
      "mean": 8.1488360934,
      "stddev": 0.12526322289897643,
      "median": 8.148353836799998,
      "user": 8.5166883,
      "system": 0.67236308,
      "min": 8.0011595653,
      "max": 8.4087750993,
      "times": [
        8.268997795299999,
        8.173835155299999,
        8.164519797299999,
        8.4087750993,
        8.201530868299999,
        8.0760231113,
        8.1321878763,
        8.0011595653,
        8.0417881373,
        8.0195435283
      ],
      "exit_codes": [
        0,
        0,
        0,
        0,
        0,
        0,
        0,
        0,
        0,
        0
      ]
    }
  ]
}
