{
  "results": [
    {
      "command": "/home/ulli/daphne/bin/daphne --mlir-codegen --matmul-vec-size-bits=128 --no-obj-ref-mgnt ./scripts/matmul/matmul2048.daph >> ./scripts/outputs_machine/vec128.out",
      "mean": 33.2088376686,
      "stddev": 0.43899831620227314,
      "median": 33.0137343114,
      "user": 33.56523996,
      "system": 0.6843760400000001,
      "min": 32.7886083659,
      "max": 33.7575071939,
      "times": [
        33.6060545319,
        33.1685818339,
        33.7055437669,
        32.8588867889,
        32.8034671129,
        32.7886083659,
        32.8405894229,
        32.8222272819,
        33.7575071939,
        33.7369103869
      ],
      "exit_codes": [
        0,
        0,
        0,
        0,
        0,
        0,
        0,
        0,
        0,
        0
      ]
    }
  ]
}
