{
  "results": [
    {
      "command": "/home/ulli/daphne/bin/daphne --mlir-codegen --matmul-vec-size-bits=128 --no-obj-ref-mgnt ./scripts/matmul/matmul2048.daph >> ./scripts/outputs_machine/vec128.out",
      "mean": 32.94017205892,
      "stddev": 0.13541565666932617,
      "median": 32.958050941219994,
      "user": 33.28762628,
      "system": 0.6899182799999999,
      "min": 32.68869823372,
      "max": 33.137560378719996,
      "times": [
        33.137560378719996,
        32.93067751172,
        33.03228183172,
        32.79453434272,
        32.90592519172,
        32.846310821719996,
        33.06281842072,
        32.68869823372,
        33.01748948572,
        32.98542437072
      ],
      "exit_codes": [
        0,
        0,
        0,
        0,
        0,
        0,
        0,
        0,
        0,
        0
      ]
    }
  ]
}
