{
  "results": [
    {
      "command": "/home/ulli/daphne/bin/daphne --mlir-codegen --matmul-vec-size-bits=256 --no-obj-ref-mgnt ./scripts/matmul/matmul2048.daph >> ./scripts/outputs_machine/vec256.out",
      "mean": 22.908215810519998,
      "stddev": 0.39135012652755297,
      "median": 22.77632196542,
      "user": 23.25369052,
      "system": 0.6948412399999999,
      "min": 22.51678807042,
      "max": 23.64438162042,
      "times": [
        22.51678807042,
        23.07460842242,
        22.90747977342,
        23.34748214642,
        23.64438162042,
        23.18795820742,
        22.53612493942,
        22.60333994942,
        22.645164157419998,
        22.618830818419998
      ],
      "exit_codes": [
        0,
        0,
        0,
        0,
        0,
        0,
        0,
        0,
        0,
        0
      ]
    }
  ]
}
