{
  "results": [
    {
      "command": "/home/ulli/daphne/bin/daphne --mlir-codegen --matmul-vec-size-bits=256 --no-obj-ref-mgnt ./scripts/matmul/matmul2048.daph >> ./scripts/outputs_machine/vec256.out",
      "mean": 23.47512410164,
      "stddev": 0.42277126049112906,
      "median": 23.538823230539997,
      "user": 23.80914336,
      "system": 0.6913185,
      "min": 22.37087106704,
      "max": 24.00297366804,
      "times": [
        23.48166797104,
        23.68544713604,
        23.56248491604,
        23.459268559039998,
        23.515161545039998,
        23.41148374704,
        23.58485987404,
        23.67702253304,
        24.00297366804,
        22.37087106704
      ],
      "exit_codes": [
        0,
        0,
        0,
        0,
        0,
        0,
        0,
        0,
        0,
        0
      ]
    }
  ]
}
