{
  "results": [
    {
      "command": "/home/ulli/daphne/bin/daphne --mlir-codegen --matmul-vec-size-bits=32 ./scripts/matmul/matmul2048.daph >> ./scripts/outputs_machine/vec32.out",
      "mean": 63.127171004000004,
      "stddev": 0.37312183955826805,
      "median": 63.06264883,
      "user": 63.4978479,
      "system": 0.6683419599999999,
      "min": 62.441071755500005,
      "max": 63.6936225205,
      "times": [
        63.6936225205,
        63.3656696025,
        63.4110663315,
        62.441071755500005,
        63.0195041865,
        63.0461519335,
        63.0791457265,
        63.4988369685,
        62.9601588545,
        62.7564821605
      ],
      "exit_codes": [
        0,
        0,
        0,
        0,
        0,
        0,
        0,
        0,
        0,
        0
      ]
    }
  ]
}
