{
  "results": [
    {
      "command": "/home/ulli/daphne/bin/daphne --mlir-codegen --matmul-vec-size-bits=32 ./scripts/matmul/matmul2048.daph >> ./scripts/outputs_machine/vec32.out",
      "mean": 63.84999471617999,
      "stddev": 0.33849151063831645,
      "median": 63.77646972808,
      "user": 64.190108,
      "system": 0.7004131800000002,
      "min": 63.46210642158,
      "max": 64.39799555258,
      "times": [
        63.65332015358,
        63.89961930258,
        63.48157911758,
        64.25419987757999,
        64.39799555258,
        64.12264267057999,
        64.03301501857999,
        63.64806931558,
        63.46210642158,
        63.54739973158
      ],
      "exit_codes": [
        0,
        0,
        0,
        0,
        0,
        0,
        0,
        0,
        0,
        0
      ]
    }
  ]
}
