{
  "results": [
    {
      "command": "/home/ulli/daphne/bin/daphne --mlir-codegen --matmul-vec-size-bits=64 --no-obj-ref-mgnt ./scripts/matmul/matmul2048.daph >> ./scripts/outputs_machine/vec64.out",
      "mean": 64.3399473503,
      "stddev": 1.1124773341454481,
      "median": 64.2821574035,
      "user": 64.71211467999998,
      "system": 0.6671771799999999,
      "min": 62.9273720485,
      "max": 66.0162374755,
      "times": [
        63.2443968745,
        63.1733332945,
        63.6427919695,
        62.9273720485,
        64.9975385875,
        64.9489833275,
        66.0162374755,
        65.8845051185,
        64.4945260295,
        64.0697887775
      ],
      "exit_codes": [
        0,
        0,
        0,
        0,
        0,
        0,
        0,
        0,
        0,
        0
      ]
    }
  ]
}
