{
  "results": [
    {
      "command": "/home/ulli/daphne/bin/daphne --mlir-codegen --matmul-vec-size-bits=64 --no-obj-ref-mgnt ./scripts/matmul/matmul2048.daph >> ./scripts/outputs_machine/vec64.out",
      "mean": 64.45121672401999,
      "stddev": 0.895591086282429,
      "median": 64.73386562152001,
      "user": 64.79400962,
      "system": 0.68507308,
      "min": 63.05468949052,
      "max": 65.42407470252,
      "times": [
        63.42967072652,
        63.88818090452,
        63.05468949052,
        63.60304465852,
        64.35136304952,
        65.42407470252,
        65.13886339952,
        65.37789818552,
        65.11636819352,
        65.12801392952
      ],
      "exit_codes": [
        0,
        0,
        0,
        0,
        0,
        0,
        0,
        0,
        0,
        0
      ]
    }
  ]
}
